n,tender_ref,portal,department,state,sector,estimated_value_inr,publish_date,deadline_date,days_open,total_pages,eligibility_pages,sections_where_eligibility_appears,emd_amount_inr,emd_exempted_for_mse,emd_exempt_page,emd_validity_days,tender_fee_inr,tender_fee_waived_for_mse,min_annual_turnover_inr,turnover_window_years,min_similar_works,min_years_experience,certifications_required,dsc_required,corrigendum_present,text_layer_present,language,notes,source_url
1,Tend No./20190607,dept-site,India Meteorological Department,Delhi,services,,,,,22,,main body cl.5 + cl.6(a) + 6(b) + 6(c) + ANNEXURE-I,10000,YES,6(a),240,,YES,,,,,,YES,,YES,English,"SEED ROW, pre-filled from a public document. EMD Rs10,000 accepted ONLY as Bank Guarantee or FDR; signed scan must be uploaded to the CPP portal AND the original submitted before bid opening. Then clause 6(a): MSEs registered with any M/o MSME-specified body are exempt from tender fee and EMD, but only if they produce their own goods or provide their own services - 'not applicable for trading purpose'. Then 6(b): other firms registered with MSME/NSIC also exempt - 'No other type of certificate is acceptable'. Then 6(c): exemption subject to validity and acceptance of the registration certificate ON THE DATE OF OPENING of tender. Then a separate ANNEXURE-I CHECKLIST with its own compliance column and page numbers. ONE requirement, SIX sub-clauses, THREE exceptions, plus an annexure. Screenshot this for slide two.",https://internal.imd.gov.in/tenders/20190607_td_203.pdf
2,MTD Goods NIC V01,eprocure.gov.in,Dept of Expenditure / Ministry of Finance,n/a,goods,,,,,,,ITB clauses + TIS + annexures,,,,,,YES,,,,,,,,YES,English,"SEED ROW. The Government of India MODEL TENDER DOCUMENT for procurement of GOODS, Department of Expenditure, Ministry of Finance, Final V01 updated 31-10-2021. This is the canonical template that central goods tenders are built from. Read it to learn WHERE eligibility lives in the standard structure: the Instructions to Bidders (ITB) clauses, the Tender Information Summary (TIS) appended to the NIT, and the annexures. Base your section-detection logic on this structure and you generalise across every tender derived from it. It also states in terms: 'This NIT ... does not purport to contain all relevant details for submission of bids. Bidders must go through the complete Tender Document for details before submission of their Bids.' That is your problem statement, from the government's own template. Cite it in your README.",https://eprocure.gov.in/cppp/sites/default/files/standard_biddingdocs/MTD%20Goods%20NIC.pdf
3,,,,,,,,,,,,,,,,,,,,,,,,,,,,WORKS contract,
4,,,,,,,,,,,,,,,,,,,,,,,,,,,,WORKS contract,
5,,,,,,,,,,,,,,,,,,,,,,,,,,,,WORKS contract,
6,,,,,,,,,,,,,,,,,,,,,,,,,,,,SUPPLY / goods contract,
7,,,,,,,,,,,,,,,,,,,,,,,,,,,,SUPPLY / goods contract,
8,,,,,,,,,,,,,,,,,,,,,,,,,,,,SUPPLY / goods contract,
9,,,,,,,,,,,,,,,,,,,,,,,,,,,,SERVICES contract,
10,,,,,,,,,,,,,,,,,,,,,,,,,,,,SERVICES contract,
11,,,,,,,,,,,,,,,,,,,,,,,,,,,,HINDI or bilingual - exercises your Devanagari NFKC normalisation path,
12,,,,,,,,,,,,,,,,,,,,,,,,,,,,SCANNED / image-only with NO text layer - this row justifies your OCR fallback; set text_layer_present=NO,
13,,,,,,,,,,,,,,,,,,,,,,,,,,,,"LARGE document, 50+ pages - tests chunking and context-window handling",
14,,,,,,,,,,,,,,,,,,,,,,,,,,,,"any category, to reach n=14",
15,,,,,,,,,,,,,,,,,,,,,,,,,,,,optional spare,
